"University","CostIState","CostOState"
"Bryn Athyn College",21071,21071
"Adelphi University",37170,37170
"Albany College of Pharmacy and Health Sciences",33621,33621
"Albertus Magnus College",31630,31630
"Albright College",43454,43454
"Alfred University",32264,32264
"Allegheny College",45970,45970
"DeSales University",35900,35900
"Alvernia University",33640,33640
"American International College",34470,34470
"Sacred Heart University",39820,39820
"St. Joseph's College - Long Island Campus",26554,26554
"Amherst College",54310,54310
"Saint Anselm College",39990,39990
"St. Bonaventure University",33331,33331
"Anna Maria College",37130,37130
"College of St. Elizabeth",32993,32993
"Assumption College",39598,39598
"St. Francis College",26188,26188
"Saint Francis University",34956,34956
"College of the Atlantic",43542,43542
"St. John Fisher College",33120,33120
"St. John's University",40520,40520
"University of Saint Joseph",38033,38033
"St. Joseph's College of Maine",34610,34610
"Babson College",49664,49664
"St. Joseph's College - Brooklyn Campus",26544,26544
"Saint Joseph's University",43880,43880
"Baptist Bible College and Seminary",23170,23170
"St. Lawrence University",52990,52990
"Saint Michael's College",43640,43640
"Ramapo College of New Jersey",14080,23214
"Saint Peter's University",36402,36402
"College of St. Rose",31612,31612
"St. Thomas Aquinas College",30750,30750
"Saint Vincent College",34830,34830
"Regis College",39653,39653
"Salem State University",9831,15971
"Salve Regina University",38986,38986
"Sarah Lawrence College",54010,54010
"University of Scranton",43310,43310
"Seton Hall University",40888,40888
"Rensselaer Polytechnic Institute",52305,52305
"Pace University",43986,43986
"Seton Hill University",35010,35010
"Bard College at Simon's Rock",53668,53668
"Shippensburg University of Pennsylvania",12086,19944
"Rhode Island College",8776,21289
"Siena College",36335,36335
"Simmons College",39055,39055
"Skidmore College",52596,52596
"Parsons The New School for Design",47720,47720
"Penn State University Park",18436,33664
"Slippery Rock University of Pennsylvania",10205,13951
"Smith College",50044,50044
"Penn State Erie, The Behrend College",15190,23692
"University of Massachusetts Dartmouth",13571,28285
"Southern Connecticut State University",10537,21995
"Penn State Harrisburg",15190,23692
"University of Southern Maine",8840,21650
"University of Pennsylvania",53534,53534
"Southern Vermont College",25675,25675
"Springfield College",36535,36535
"Rhode Island School of Design",48470,48470
"Stevens Institute of Technology",50554,50554
"University of Rhode Island",13792,30042
"Stockton University",13404,20357
"University of the Arts",43000,43000
"Stonehill College",41300,41300
"Cairn University",26493,26493
"University of the Sciences",39994,39994
"Suffolk University",37510,37510
"Philadelphia University",39130,39130
"University at Albany",9550,24430
"Pine Manor College",31160,31160
"Rider University",41310,41310
"Binghamton University",9523,24403
"University at Buffalo",9828,27338
"University of Pittsburgh",19080,30642
"Stony Brook University",9257,26767
"College at Brockport",7948,17798
"Rivier University",30740,30740
"University of Pittsburgh at Bradford",13900,25144
"Buffalo State College",7976,17626
"University of Pittsburgh at Johnstown",13876,25120
"State University of New York College at Cortland",8300,17950
"Robert Morris University",29420,29420
"State University of New York College of Environmental Science and Forestry",8543,18193
"State University of New York at Fredonia",8286,17936
"Plymouth State University",13770,22230
"Roberts Wesleyan College",30936,30936
"State University of New York College at Geneseo",8408,18058
"Point Park University",30130,30130
"State University of New York at New Paltz",7775,17625
"College at Old Westbury",7883,17533
"State University of New York College at Oneonta",8166,17816
"Maine College of Art",34000,34000
"State University of New York at Oswego",8191,17841
"Post University",29550,29550
"State University of New York Plattsburgh",7950,17800
"Rochester Institute of Technology",40068,40068
"Pratt Institute",50038,50038
"State University of New York College at Potsdam",8220,17870
"Princeton University",47140,47140
"Purchase College",8498,18148
"Providence College",48760,48760
"State University of New York Institute of Technology",7998,17648
"Quinnipiac University",46780,46780
"Bard College",54496,54496
"University of Rochester",52020,52020
"State University of New York Maritime College",8074,17724
"Barnard College",52662,52662
"State University of New York Upstate Medical University",7344,17194
"Maine Maritime Academy",13278,26628
"University of Maine",10902,30282
"Roger Williams University",33336,33336
"Susquehanna University",45470,45470
"Bates College",52042,52042
"Arcadia University",42330,42330
"Swarthmore College",50822,50822
"Bennington College",52420,52420
"University of Maine at Farmington",9458,19026
"Syracuse University",46755,46755
"University of Maine at Fort Kent",7965,12075
"Bentley University",48000,48000
"Thomas College",26110,26110
"Berklee College of Music",42750,42750
"Bloomfield College",29300,29300
"Bloomsburg University of Pennsylvania",10500,21738
"Temple University",16658,28418
"Bowdoin College",51848,51848
"University of Maine at Machias",7676,19316
"Boricua College",11025,11025
"University of Maine at Presque Isle",7760,11870
"Thiel College",30830,30830
"Boston Architectural College",21174,21174
"Boston College",53346,53346
"Thomas Jefferson University",NA,NA
"Boston University",52082,52082
"Touro College",19870,19870
"The College of New Jersey",16149,27578
"Manhattan College",42087,42087
"Rosemont College",19480,19480
"Trinity College",54770,54770
"Manhattan School of Music",45975,45975
"Manhattanville College",37910,37910
"Tufts University",54318,54318
"University of Bridgeport",32250,32250
"Union College",53490,53490
"Bridgewater State University",10012,16152
"United States Coast Guard Academy",NA,NA
"Mansfield University of Pennsylvania",12316,21766
"Brown University",53419,53419
"United States Merchant Marine Academy",NA,NA
"United States Military Academy",NA,NA
"Marist College",36780,36780
"Unity College",28350,28350
"Marlboro College",40425,40425
"Ursinus College",50360,50360
"Utica College",20676,20676
"Marymount Manhattan College",31950,31950
"Vassar College",55210,55210
"Marywood University",33940,33940
"Bryant University",42109,42109
"Bryn Mawr College",50500,50500
"Bucknell University",53986,53986
"Cabrini University",31350,31350
"California University of Pennsylvania",10641,14387
"Massachusetts College of Art and Design",12700,34400
"University of Vermont",17740,41356
"Massachusetts College of Pharmacy and Health Sciences",32590,32590
"Villanova University",51284,51284
"Massachusetts Institute of Technology",49892,49892
"Carlow University",28596,28596
"School of Visual Arts",38000,38000
"Wagner College",45380,45380
"Washington & Jefferson College",46628,46628
"Massachusetts Maritime Academy",8381,25807
"Waynesburg University",24010,24010
"University of Massachusetts Amherst",15596,33662
"Webb Institute",48775,48775
"Wellesley College",51148,51148
"University of Massachusetts Boston",13828,32985
"Medaille College",28360,28360
"Wells College",39600,39600
"Mercy College",18713,18713
"Mercyhurst University",36320,36320
"Wentworth Institute of Technology",32954,32954
"Carnegie Mellon University",53910,53910
"Wesleyan University",52774,52774
"Merrimack College",40190,40190
"West Chester University of Pennsylvania",10064,21302
"Messiah College",34160,34160
"Castleton State College",11314,26722
"Western Connecticut State University",10418,23107
"Western New England University",35740,35740
"Middlebury College",52496,52496
"Westfield State University",9715,15795
"Millersville University of Pennsylvania",11858,21318
"Cedar Crest College",38092,38092
"Westminster College",36230,36230
"Centenary University",32580,32580
"Wheelock College",36350,36350
"Central Connecticut State University",10225,22914
"Wheaton College",50850,50850
"Widener University",44166,44166
"Chatham University",36510,36510
"Wilkes University",34896,34896
"Chestnut Hill College",35180,35180
"William Paterson University",12804,20842
"Cheyney University of Pennsylvania",9060,13930
"Clarion University of Pennsylvania",10890,14636
"Williams College",53550,53550
"Wilson College",24452,24452
"Clark University",44400,44400
"Clarkson University",47950,47950
"Colby College",53120,53120
"Worcester Polytechnic Institute",48628,48628
"Colgate University",53980,53980
"Molloy College",30290,30290
"Monmouth University",36733,36733
"Cooper Union for the Advancement of Science and Art",45100,45100
"Worcester State University",9532,15612
"Drew University",49168,49168
"Montclair State University",12455,20567
"Moore College of Art and Design",40018,40018
"Yale University",51400,51400
"Yeshiva University",42000,42000
"Gannon University",30932,30932
"York College of Pennsylvania",19430,19430
"Colby-Sawyer College",40386,40386
"Fitchburg State University",10173,16253
"Green Mountain College",37002,37002
"LIM College",26350,26350
"Moravian College",42024,42024
"Mount Holyoke College",47940,47940
"Johnson & Wales University",31158,31158
"Mount St. Mary College",29920,29920
"California State University Long Beach",6794,18674
"College of Mount St. Vincent",36640,36640
"Ohio State Universitiy at Lima",7553,26657
"Ohio State University at Mansfield",7553,26657
"Ohio State Universitity at Marion",7553,26657
"Ohio State University at Newark",7553,26657
"Clarkson College",16305,16305
"University of Puerto Rico at Rio Piedras ",2078,2078
"Paul Quinn College",8275,8275
"Wiley College",12306,12306
"Ursuline College",31210,31210
"University of Maine at Augusta",7808,17498
"University of Texas at Dallas",12528,34644
"Williams Baptist College",17320,17320
"American University of Puerto Rico",6824,6824
"Inter American University of Puerto Rico - San German Campus",6180,6180
"University of Puerto Rico at Humacao",1794,1794
"Polytechnic University of Puerto Rico",8328,8328
"Lindsey Wilson College",24246,24246
"Mount Olive College",19700,19700
"Schreiner University",26750,26750
"Heritage University",18084,18084
"Bayamon Central University",5775,5775
"College of St. Joseph",24000,24000
"Christendom College",25580,25580
"University of Phoenix",NA,NA
"Pacific Oaks College",24240,24240
"East-West University",20970,20970
"Farmingdale State College",8076,17726
"Mount Ida College",35720,35720
"Warner Pacific College",24500,24500
"Cazenovia College",33656,33656
"University of Akron",10270,18801
"Albion College",43050,43050
"Baptist Bible College",13850,13850
"Beloit College",48706,48706
"Bemidji State University",8678,8678
"Bethel College",27930,27930
"Bethel University",36210,36210
"Blackburn College",21992,21992
"Bluffton University",31672,31672
"Bowling Green State University",11057,18593
"Bradley University",32930,32930
"Briar Cliff University",29786,29786
"Buena Vista University",32854,32854
"Butler University",40175,40175
"Calumet College of St. Joseph",18620,18620
"Calvin College",33100,33100
"Capital University",34600,34600
"Cardinal Stritch University",28844,28844
"Carleton College",52782,52782
"Carroll University",31144,31144
"Carthage College",41950,41950
"Cedarville University",29156,29156
"Central College",35930,35930
"Central Methodist University",23770,23770
"Central Michigan University",12510,23670
"University of Central Missouri",7520,14150
"Central State University",6246,8096
"Chicago State University",12086,20786
"University of Chicago",54825,54825
"Cincinnati Christian University ",17240,17240
"University of Cincinnati",11000,26334
"Clarke University",31950,31950
"Cleary University",19500,19500
"Cleveland Institute of Art",40675,40675
"Cleveland Institute of Music",49106,49106
"Cleveland State University",9696,13747
"Coe College",42430,42430
"Columbia College Chicago",26370,26370
"Columbia College",21936,21936
"Columbus College of Art and Design",33960,33960
"Conception Seminary College",21326,21326
"Concordia University Chicago",31562,31562
"Concordia University Ann Arbor",28436,28436
"Concordia College",38378,38378
"Concordia University St. Paul",21750,21750
"Concordia University Wisconsin",28600,28600
"Cornell College",40880,40880
"Culver-Stockton College",26040,26040
"University of Dayton",41750,41750
"Defiance College",32250,32250
"Denison University",50440,50440
"DePaul University",38410,38410
"DePauw University",47838,47838
"University of Detroit Mercy",41158,41158
"DeVry University - Chicago",17512,17512
"DeVry University - Columbus",17512,17512
"Martin Luther College",14680,14680
"Drake University",39062,39062
"Drury University",27005,27005
"University of Dubuque",29710,29710
"Kettering University",42490,42490
"Grace College",23930,23930
"Hanover College",36520,36520
"Benedictine University",33900,33900
"Indiana Institute of Technology",26370,26370
"Indiana University Kokomo",7207,19038
"Kendall College",25278,25278
"Lake Erie College",30862,30862
"Lakeland University",27760,27760
"Lindenwood University",16960,16960
"Manchester University",31660,31660
"Marietta College",36040,36040
"McKendree University",29640,29640
"Metropolitan State University",7860,14961
"Rochester College",23520,23520
"University of Michigan",14826,47476
"Millikin University",33166,33166
"Milwaukee Institute of Art & Design",36230,36230
"Missouri Southern State University",6067,11568
"Mount Mercy University",30582,30582
"North Central College",37749,37749
"University of Northern Iowa",8699,19241
"Northwestern College",30200,30200
"University of Northwestern St. Paul",30794,30794
"Northwood University",26080,26080
"Notre Dame College",29300,29300
"Oakland City University",23700,23700
"Ohio University",11896,21360
"Ohio Wesleyan University",44690,44690
"Rockford University",30050,30050
"University of St. Francis",31470,31470
"Saint Mary's College",40800,40800
"College of St. Scholastica",36212,36212
"Saint Xavier University",33350,33350
"Columbia University",57208,57208
"Connecticut College",52850,52850
"University of Connecticut",14880,36948
"John Jay College of Criminal Justice",7070,17940
"Dartmouth College",53786,53786
"College of Staten Island (City University of New York)",7089,17959
"City College of New York",6940,17810
"Daemen College",27990,27990
"Drexel University",52002,52002
"Duquesne University",36394,36394
"Edinboro University",10282,14668
"Elmira College",41900,41900
"Elms College",34578,34578
"Framingham State University",9920,16000
"Franklin Pierce University",34995,34995
"Hamilton College",52770,52770
"Hampshire College",51608,51608
"University of Hartford",38910,38910
"Hobart and William Smith Colleges",53525,53525
"Hofstra University",43960,43960
"Holy Family University",30346,30346
"Immaculata University",27350,27350
"Grand Valley State University",11994,17064
"Indiana University - Purdue University Fort Wayne",8330,20005
"Indiana University of Pennsylvania",12146,15882
"Kutztown University of Pennsylvania",9987,13733
"La Roche College",27720,27720
"La Salle University",29500,29500
"Lebanon Valley College",42180,42180
"Le Moyne College",33905,33905
"Lesley University",27470,27470
"Lock Haven University of Pennsylvania",10576,19814
"Lycoming College",38843,38843
"New England Conservatory of Music",46930,46930
"University of New Hampshire",18067,32637
"University of New Haven",38170,38170
"College of New Rochelle",36618,36618
"New York University",50464,50464
"Massachusetts College of Liberal Arts",10310,19255
"Norwich University",38662,38662
"Iona College",37682,37682
"LIU Post",36978,36978
"Juniata College",43875,43875
"Houghton College",31540,31540
"Husson University",17561,17561
"Harvard College",48859,48859
"Grove City College",17254,17254
"Gordon College",36740,36740
"Geneva College",26070,26070
"Medgar Evers College (City University of New York)",6953,17823
"Emmanuel College",38844,38844
"Emerson College",44832,44832
"Eastern Nazarene College",31780,31780
"Fairfield University",47165,47165
"Brandeis University",53537,53537
"College of Saint Benedict",43738,43738
"Eastern Connecticut State University",10919,22377
"Northeastern University",49497,49497
"Alma College",38768,38768
"Avila University",28820,28820
"Augustana College",40908,40908
"School of the Art Institute of Chicago",47420,47420
"Anderson University",29710,29710
"Andrews University",28436,28436
"Aurora University",23520,23520
"Art Academy of Cincinnati",31290,31290
"Alabama State University",11068,19396
"Alabama A&M University",9698,17918
"University of Alabama at Birmingham",10410,23790
"University of Alabama in Huntsville",10280,21480
"University of Alabama",10780,28100
"Albany State University",6726,19802
"Alice Lloyd College",11550,11550
"Alcorn State University",6938,6938
"Alderson-Broaddus College",26610,26610
"Lyon College",27340,27340
"American University",46615,46615
"Appalachian State University",7303,22110
"Arkansas State University",8478,14778
"Arkansas Tech University",8880,15660
"University of Arkansas",9062,24308
"University of Arkansas at Little Rock",8936,21191
"University of Arkansas at Monticello",7462,13312
"University of Arkansas at Pine Bluff",7212,13464
"Armstrong State University",6430,19506
"Asbury University",29500,29500
"Barton College",29998,29998
"Baptist College of Florida",11100,11100
"Auburn University",10968,29640
"Auburn University at Montgomery",9910,21310
"Austin Peay State University",8225,24221
"Averett University",33350,33350
"University of Baltimore",8824,20704
"Charleston Southern University",24800,24800
"Barry University",29700,29700
"Belhaven University",24250,24250
"Bellarmine University",40350,40350
"Belmont Abbey College",18500,18500
"Belmont University",32820,32820
"Benedict College",19958,19958
"Bennett College",18513,18513
"Berea College",25760,25760
"Berry College",35176,35176
"Bethany College",28454,28454
"Bethel University",16552,16552
"Bethune-Cookman University",14410,14410
"Birmingham-Southern College",35791,35791
"Blue Mountain College",11760,11760
"Bluefield College",24800,24800
"Bluefield State College",6728,13032
"Lynn University",37510,37510
"Bowie State University",8064,18653
"Brenau University",28510,28510
"Brescia University",21850,21850
"Bryan College",25600,25600
"New York School of Interior Design",29250,29250
"University of New Hampshire at Manchester",14850,29420
"Southeastern Baptist Theological Seminary",10500,10500
"Mt. Sierra College",15688,15688
"Culinary Institute of America",31616,31616
"Paier College of Art",17070,17070
"Schiller International University",NA,NA
"Brevard College",28850,28850
"Florida College",17142,17142
"South University - Savannah",NA,NA
"Charles R. Drew University of Medicine and Science",17440,17440
"Florida Gulf Coast University",6171,25214
"Fairleigh Dickinson University - College at Florham",41780,41780
"Coleman University",20725,20725
"University of Advancing Technology",23150,23150
"University of the Potomac",NA,NA
"Platt College",NA,NA
"Art Institute of California - San Diego",NA,NA
"Laguna College of Art + Design",29800,29800
"Columbia College Hollywood",21789,21789
"Art Institute of California - San Francisco",NA,NA
"NewSchool of Architecture & Design",26463,26463
"Pacific States University",16005,16005
"Rocky Mountain College of Art & Design",15870,15870
"Hodges University",17300,17300
"Trinity College of Florida",16640,16640
"Illinois Institute of Art - Chicago",NA,NA
"St. John's College",22005,22005
"Waldorf College",21674,21674
"Cambridge College",14940,14940
"Newbury College",34470,34470
"Finlandia University",22758,22758
"Thomas More College of Liberal Arts",21000,21000
"St. Gregory's University",22050,22050
"Utah Valley University",5652,16066
"Vermont Technical College",14690,27002
"Northwest College of Art and Design",19075,19075
"Northwestern Polytechnic University",10700,10700
"DeVry University - New York",17512,17512
"Sterling College",38038,38038
"Penn State Abington",14516,22558
"International Fine Arts College",22105,22105
"Illinois Institute of Art - Schaumburg",NA,NA
"Shasta Bible College",13040,13040
"Beulah Heights University",9830,9830
"Everest University - Tampa",NA,NA
"DeVry University - North Brunswick",17512,17512
"Art Institute of Pittsburgh",23376,23376
"Dixie State College",5080,14548
"Johnson & Wales University",31508,31508
"Penn State Schuylkill",14398,22316
"Penn State Lehigh Valley",14460,22378
"Penn State Berks",15190,23692
"DeVry University - Orlando",17512,17512
"Penn State Altoona",15190,23692
"Peirce College",18660,18660
"Art Institute of California - Orange County",NA,NA
"Art Institute of Washington",23328,23328
"Mitchell College",32442,32442
"Stevens-Henager College, Ogden",NA,NA
"Bethany Lutheran College",26830,26830
"Paul Smith's College",27621,27621
"University of Arkansas at Fort Smith",6935,15776
"DeVry University - Crystal City",17512,17512
"Cabarrus College of Health Sciences",13416,13416
"Muhlenberg College",50830,50830
"California State University Sacramento",7204,19084
"Nazareth College",34724,34724
"Neumann University",30050,30050
"Bellevue University",9340,9340
"Misericordia University",31660,31660
"New England College",36954,36954
"Art Center College of Design",42008,42008
"Augustana University",31960,31960
"Colorado School of Mines",18386,37436
"University of California, Santa Barbara",14409,42423
"Chaminade University of Honolulu",24114,24114
"University of Alaska Anchorage",7374,22764
"Concordia University Nebraska",31000,31000
"East Central University",6719,15839
"Alaska Pacific University",20830,20830
"Montana State University - Billings",5833,18598
"Eastern New Mexico University",5918,11693
"University of Great Falls",25050,25050
"Eastern Oregon University",8362,19682
"Fort Lewis College",8609,18761
"Jamestown College",21158,21158
"University of Colorado Colorado Springs",10201,24181
"Embry-Riddle Aeronautical University - Prescott",35916,35916
"University of California, Davis",14382,42396
"Montana State University",7223,23927
"Hawaii Pacific University",24500,24500
"Midland University",31630,31630
"California State University East Bay",6834,18714
"University of Mary Hardin-Baylor",27700,27700
"California Maritime Academy",7060,18940
"Grand Canyon University",17170,17170
"Caldwell University",33900,33900
"Abilene Christian University",33330,33330
"Creighton University",38750,38750
"Chapman University",50594,50594
"Azusa Pacific University",37506,37506
"Humboldt State University",7494,19374
"Bethany College",27472,27472
"Texas A&M International University",8320,20704
"California Polytechnic State University, San Luis Obispo",9432,21312
"Newman University",29360,29360
"College of Idaho",28755,28755
"Colorado College",52818,52818
"Colorado Technical University",NA,NA
"Dakota Wesleyan University",27000,27000
"Marylhurst University",20835,20835
"University of Nevada, Reno",7538,21726
"Mount Marty College",26310,26310
"McMurry University",26712,26712
"Willamette University",48158,48158
"Austin College",38825,38825
"University of Texas of the Permian Basin",7124,19574
"Biola University",38448,38448
"Texas A&M University - Corpus Christi",9269,21567
"Chadron State College",7031,7061
"Western Oregon University",9855,25638
"Montana Tech of the University of Montana",7139,21969
"Union College",23070,23070
"University of Idaho",7488,23812
"Menlo College",41350,41350
"Texas Christian University",44760,44760
"Northwest Christian University",28680,28680
"Concordia University Portland",30020,30020
"Whitworth University",42186,42186
"Evergreen State College",7591,25051
"University of Denver",48669,48669
"Regis University",34450,34450
"Rocky Mountain College",27566,27566
"Southeastern Oklahoma State University",6750,15390
"DeVry University - Phoenix",17512,17512
"DeVry University - Pomona",17512,17512
"Westmont College",44044,44044
"United States Air Force Academy",NA,NA
"DeVry University - Irving",17512,17512
"Oklahoma Christian University",21670,21670
"Houston Baptist University",31730,31730
"Texas A&M University - Kingsville",8462,20912
"University of Alaska Fairbanks",7518,22908
"California Institute of Technology",49908,49908
"University of Utah",8824,28067
"University of North Texas",10905,23355
"San Francisco Conservatory of Music",44810,44810
"University of Hawaii - West Oahu",7440,20400
"Valley City State University",7406,16579
"Academy of Art University",26490,26490
"Holy Names University",38188,38188
"University of Wyoming",5217,16827
"Washington State University",10078,24504
"Claremont McKenna College",52825,52825
"Oregon Institute of Technology",9541,26831
"Prescott College",30501,30501
"Weber State University",5712,15260
"Alliant International University",17640,17640
"University of Sioux Falls",27980,27980
"Fort Hays State University",5008,14831
"Bethel College",27920,27920
"St. Edward's University",43300,43300
"Simpson University",27700,27700
"Linfield College",41612,41612
"Otis College of Art and Design",43270,43270
"National American University - Rapid City",17175,17175
"Western State Colorado University",9802,21274
"University of California, Irvine",15516,43530
"Rice University",45608,45608
"Gonzaga University",41330,41330
"University of Nevada, Las Vegas",7430,21618
"Cogswell Polytechnical College",19648,19648
"University of North Dakota",8447,20324
"Thomas Aquinas College",24500,24500
"American Jewish University",30938,30938
"University of Science and Arts of Oklahoma",7200,17550
"University of Texas at Arlington",9952,25152
"Texas Lutheran University",29960,29960
"Whitman College",49780,49780
"University of Arizona",11877,35307
"Southern California Institute of Architecture",43800,43800
"Kansas State University",10135,25492
"University of St. Mary",27720,27720
"University of La Verne",41450,41450
"Colorado State University",11519,29027
"University of Oklahoma",11538,26919
"University of Tulsa",41459,41459
"North Dakota State University",8546,20572
"Oklahoma City University",30726,30726
"Point Loma Nazarene University",34600,34600
"Loyola Marymount University",46386,46386
"Trinity University",41344,41344
"University of Oregon",11571,34611
"Pacific University",42594,42594
"Walla Walla University",27495,27495
"University of Houston",11104,26554
"Texas A&M University",10403,37154
"Patten University",3432,3432
"New Mexico Highlands University",5954,9288
"University of Portland",44026,44026
"Pittsburg State University",7100,18152
"University of Washington",10974,35538
"Reed College",54200,54200
"Southwestern Adventist University",20732,20732
"St. Mary's University",29300,29300
"San Jose State University",7721,18881
"Sierra Nevada College",32639,32639
"Scripps College",52966,52966
"University of Montana",7063,24871
"Seattle University",42885,42885
"Southwestern Oklahoma State University",6705,13605
"South Dakota State University",8441,11689
"San Francisco State University",7254,19134
"Santa Clara University",49858,49858
"Wayland Baptist University",19430,19430
"Southern Nazarene University",25188,25188
"Sul Ross State University",8071,20521
"Southern Oregon University",9286,24630
"Stanford University",49617,49617
"Stephen F. Austin State University",9537,21987
"University of the Southwest",16000,16000
"Texas State University",10621,23071
"Southwestern University",40560,40560
"Fashion Institute of Technology",5483,14863
"Cornell University",52853,52853
"University of Texas at Austin",10136,35766
"Brooklyn College (City University of New York)",7040,17910
"College of Saint Mary",19950,19950
"York College",6957,17827
"East Stroudsburg University of Pennsylvania",10288,21526
"Gettysburg College",52640,52640
"Lehigh University",50740,50740
"Hartwick College",44534,44534
"Gwynedd-Mercy College",35520,35520
"College of the Holy Cross",50630,50630
"King's College",35830,35830
"Lafayette College",50850,50850
"Elizabethtown College",45350,45350
"Lancaster Bible College",23400,23400
"Sonoma State University",7724,19604
"Dominican University",32530,32530
"Governors State University",10516,18676
"Indiana Wesleyan University",25980,25980
"Illinois State University",14061,25168
"Erskine College",34560,34560
"Iowa Wesleyan College",30000,30000
"Loyola University Chicago",43078,43078
"Kenyon College",53560,53560
"Roosevelt University",28963,28963
"John Carroll University",39790,39790
"Crown College",25430,25430
"Knox College",44958,44958
"Indiana University Bloomington",10533,34845
"Ripon College",41835,41835
"Florida State University",6507,21673
"University of Michigan - Dearborn",12472,24706
"Missouri University of Science and Technology",9839,27701
"Northern Illinois University",12262,21727
"University of the Pacific",46346,46346
"Colorado Christian University",30370,30370
"Florida International University",6558,18956
"Cameron University",6180,15510
"William Carey University",12300,12300
"McDaniel College",41800,41800
"Fontbonne University",25460,25460
"Wheeling Jesuit University",28110,28110
"University of Missouri - Kansas City",9763,24490
"Saint Mary-of-the-Woods College",29510,29510
"Cornerstone University",27520,27520
"Eastern University",32315,32315
"Georgian Court University",32260,32260
"New York City College of Technology",6931,17801
"Hunter College",6980,17850
"Monmouth College",36400,36400
"Northern Michigan University",10490,15986
"Greensboro College",29120,29120
"Manhattan Christian College",15418,15418
"Loyola University Maryland",47725,47725
"California State University Fresno",6583,18463
"Oklahoma Baptist University",26840,26840
"Metropolitan State University of Denver",7352,20149
"Marian University",33000,33000
"Mount Mary University",29510,29510
"Davis and Elkins College",28992,28992
"Kent State University",10012,18544
"Lawrence Technological University",32130,32130
"Harvey Mudd College",54886,54886
"Dordt College",30000,30000
"Texas Tech University",10771,23011
"University of Nebraska - Omaha",8207,22037
"Oklahoma Panhandle State University",7674,13233
"Mount Vernon Nazarene University",28090,28090
"Southern Arkansas University",8346,12156
"Southwestern Assemblies of God University",20410,20410
"Memphis College of Art",33100,33100
"University of Puget Sound",48090,48090
"Xavier University of Louisiana",23606,23606
"Master's College",33020,33020
"Washburn University",8540,19190
"New Jersey City University",11762,21052
"University of San Diego",47708,47708
"Black Hills State University",8602,11602
"California State University Bakersfield",7142,19022
"University of Texas at Tyler",7822,20872
"Pacific Northwest College of Art",36724,36724
"University of Houston - Downtown",7511,19961
"University of Minnesota, Morris",13072,15092
"Dickinson State University",6554,9226
"University of Texas at San Antonio",9380,23379
"Dominican University of California",44690,44690
"Indiana University South Bend",7207,19038
"Adams State University",9440,20456
"Georgetown College",37160,37160
"University of Texas Health Science Center at Houston",5976,25986
"University of Louisville",11264,26286
"University of the Incarnate Word",29990,29990
"Florida Institute of Technology",41240,41240
"Rose-Hulman Institute of Technology",47997,47997
"Minneapolis College of Art and Design",37812,37812
"Marshall University",7798,17856
"Dominican College",28448,28448
"College for Creative Studies",42460,42460
"University of Central Oklahoma",7100,17447
"La Sierra University",32130,32130
"Fairmont State University",7296,15398
"Franklin University",15295,15295
"Wofford College",41955,41955
"Newberry College",25900,25900
"Davidson College",49949,49949
"Shepherd University",7328,17873
"Lewis-Clark State College",6334,18410
"Mary Baldwin University",31040,31040
"Marian University",27400,27400
"Northwest University",30320,30320
"Gardner-Webb University",30310,30310
"University of Maryland Eastern Shore",8042,18048
"California State University Northridge",6870,18750
"Western Washington University",7932,22444
"St. Cloud State University",8113,16346
"Oklahoma Wesleyan University",26090,26090
"Luther College",41020,41020
"Cornish College of the Arts",39864,39864
"Angelo State University",8216,20666
"University of California, Riverside",13917,41931
"University of Montana Western",5502,16644
"Texas Wesleyan University",27392,27392
"University of Mobile",22210,22210
"East Tennessee State University",9015,27693
"University of California, Santa Cruz",13969,41983
"Notre Dame de Namur University",34486,34486
"Sterling College",24985,24985
"Our Lady of the Lake University",28192,28192
"Flagler College",18300,18300
"New Mexico Institute of Mining and Technology",7183,20991
"Southern Utah University",6676,20288
"San Diego Christian College",30438,30438
"Mayville State University",6456,9084
"Ottawa University",28550,28550
"Oregon State University",10797,29457
"South Dakota School of Mines and Technology",9627,13806
"University of Alaska Southeast",7710,23100
"Central Washington University",7849,21956
"Wayne State College",6824,11984
"George Fox University",35016,35016
"California Lutheran University",41363,41363
"Portland State University",9030,26130
"Dakota State University",9147,12077
"Earlham College",45750,45750
"Kansas Wesleyan University",28980,28980
"Prairie View A&M University",9959,23488
"LeTourneau University",29320,29320
"Corban University",31640,31640
"University of Kansas",10824,26592
"Illinois Wesleyan University",45856,45856
"Grand View University",26516,26516
"University of Florida",6381,28658
"Eastern Kentucky University",9296,19074
"Muskingum University",28062,28062
"Stillman College",10938,10938
"D'Youville College",25870,25870
"Maryville University of Saint Louis",28470,28470
"West Texas A&M University",7557,9418
"College of Mount St. Joseph",29100,29100
"Marygrove College",22750,22750
"Sam Houston State University",9891,22341
"Hannibal-LaGrange University",21710,21710
"East Texas Baptist University",25470,25470
"Northeastern Illinois University",13420,24739
"San Diego State University",7460,19340
"University of Mary",17980,17980
"Eastern Michigan University",13438,30619
"Judson University",29434,29434
"Principia College",28920,28920
"Minnesota State University Moorhead",8467,15876
"Heidelberg University",30200,30200
"University of Evansville",35396,35396
"National Louis University",18000,18000
"Eureka College",25390,25390
"Case Western Reserve University",47500,47500
"Calvary Bible College and Theological Seminary",11886,11886
"University of Michigan - Flint",11334,21654
"California State University Dominguez Hills",6832,18712
"Johnson C. Smith University",18236,18236
"Rollins College",48335,48335
"Mississippi University for Women",6614,18155
"Delaware Valley University",38000,38000
"Georgia College and State University",9346,28060
"University of Georgia",11818,30392
"St. Norbert College",36593,36593
"Lewis University",31250,31250
"St. Ambrose University",30016,30016
"Pfeiffer University",29574,29574
"University of Illinois at Chicago",13704,26560
"Missouri Western State University",6652,13080
"University of Illinois at Urbana-Champaign",15868,31988
"Brigham Young University - Hawaii",5400,5400
"California College of the Arts",47266,47266
"North Park University",27990,27990
"Missouri Baptist University",26020,26020
"University of Mount Union",29890,29890
"Missouri Valley College",20200,20200
"Miami University",14958,34210
"University of Minnesota, Duluth",13344,18462
"University of Minnesota, Twin Cities",14417,26603
"Ashford University",11248,11248
"MacMurray College",NA,NA
"Minnesota State University Mankato",8161,16212
"Malone University",29900,29900
"Maharishi University of Management",27530,27530
"Grinnell College",50714,50714
"Greenville College",26356,26356
"Indiana University Northwest",7207,19038
"Illinois College",32140,32140
"Indiana University Southeast",7207,19038
"Hamline University",40822,40822
"Lincoln University",7632,14172
"Illinois Institute of Technology",45534,45534
"Edgewood College",28500,28500
"Indiana University - Purdue University Indianapolis",9334,29806
"Harris-Stowe State University",5220,9853
"Ohio Dominican University",31080,31080
"Loras College",32886,32886
"Juilliard School",43420,43420
"Nichols College",34000,34000
"Kean University",12107,19009
"Ithaca College",42884,42884
"Eugene Lang College The New School for Liberal Arts",45928,45928
"Lyndon State College",11730,23898
"Keene State College",13868,22614
"Graceland University",28110,28110
"Keuka College",30946,30946
"Ferris State University",12180,18270
"Evangel University",22745,22745
"Elizabeth City State University",4985,18129
"Haverford College",52754,52754
"Johnson State College",11730,24690
"Howard University",25997,25997
"Western New Mexico University",6824,15231
"Duke University",53500,53500
"Fort Valley State University",6664,19740
"East Carolina University",6972,23249
"Eastern Mennonite University",35800,35800
"Hampton University",25442,25442
"Faulkner University",20970,20970
"Grambling State University",7443,16466
"Florida Memorial University",15536,15536
"Goldey-Beacom College",23850,23850
"Harding University",19190,19190
"Fayetteville State University",5183,16791
"Florida Agricultural and Mechanical University",5827,17768
"George Mason University",11924,34370
"Emory University",49392,49392
"Florida Southern College",34774,34774
"Guilford College",34215,34215
"New York Institute of Technology",35870,35870
"Freed-Hardeman University",21950,21950
"Gallaudet University",16558,16558
"University of New Mexico",7146,22037
"Louisiana State University",11374,28051
"University of Miami",48484,48484
"Jackson State University",7621,18314
"Kentucky State University",8184,19638
"Lane College",10690,10690
"University of Maryland Baltimore County",11518,25654
"Livingstone College",18154,18154
"Morris College",13458,13458
"Maryland Institute College of Art",46990,46990
"Milligan College",32500,32500
"Mississippi Valley State University",6422,6422
"Millsaps College",38930,38930
"Mount St. Mary's University",40550,40550
"Maryville College",34196,34196
"Rowan University",13422,21890
"Mississippi College",17392,17392
"University of Montevallo",12400,25030
"Oral Roberts University",26792,26792
"Goddard College",16260,16260
"University of Nebraska - Kearney",7326,14106
"California Institute of the Arts",47446,47446
"Brigham Young University",5460,5460
"Mercer University",36000,36000
"California State University Stanislaus",7038,18918
"Baylor University",43970,43970
"Southern University at New Orleans",6743,15644
"California State University San Bernardino",6871,18751
"Spalding University",24000,24000
"California State Polytechnic University, Pomona",7297,19177
"Norfolk State University",9036,21238
"California State University Los Angeles",6632,18512
"Felician College",33750,33750
"Boise State University",7326,22642
"California State University Chico",7348,19228
"Benedictine College",28480,28480
"Nicholls State University",7916,9009
"University of Louisiana at Lafayette",10592,24320
"Southern University and Agricultural and Mechanical College",8666,16016
"Meredith College",35916,35916
"Fairleigh Dickinson University - Metropolitan Campus",39446,39446
"University of California, Berkeley",13928,41942
"University of California, San Diego",14028,42042
"North Carolina Central University",6282,18989
"University of California, Los Angeles",13749,41763
"New Mexico State University",7122,22701
"Curry College",38596,38596
"Arizona State University",10792,27372
"Lubbock Christian University",21794,21794
"Dallas Baptist University",27480,27480
"Idaho State University",7166,21942
"University of Hawaii at Manoa",11732,33764
"Hastings College",29200,29200
"University of Houston - Clear Lake",8188,23668
"Huston-Tillotson University",14346,14346
"University of Hawaii at Hilo",7662,20622
"Howard Payne University",27690,27690
"Lamar University",10111,22561
"John F. Kennedy University",17721,17721
"Colorado Mesa University",8972,21782
"MidAmerica Nazarene University",29670,29670
"University of Nebraska - Lincoln",8901,24201
"Langston University",5950,13299
"Hope International University",31800,31800
"Northern Arizona University",11059,24841
"Mills College",46236,46236
"Minot State University",6810,6810
"Mount St. Mary's University",39608,39608
"Nebraska Wesleyan University",32774,32774
"National University",16350,16350
"Northern State University",8280,11209
"Pepperdine University",51992,51992
"University of Northern Colorado",9545,21131
"Montana State University - Northern",5861,18061
"Peru State College",7226,7256
"University of Redlands",48072,48072
"Northwest Nazarene University",29000,29000
"Pacific Union College",29469,29469
"Pitzer College",52236,52236
"Occidental College",52838,52838
"San Francisco Art Institute",44778,44778
"St. John's College",52320,52320
"Seattle Pacific University",40893,40893
"Samuel Merritt University",45491,45491
"University of San Francisco",46250,46250
"Tarleton State University",8903,20886
"University of South Dakota",8772,12020
"Vanguard University of Southern California",32430,32430
"University of Southern California",54323,54323
"Texas Southern University",9173,21623
"Woodbury University",38460,38460
"Texas Woman's University",9366,21816
"Whittier College",46310,46310
"Southwestern College",28750,28750
"Colorado State University - Pueblo",10090,25548
"Utah State University",7174,20726
"Westminster College",33040,33040
"Southern Methodist University",52498,52498
"Fordham University",50986,50986
"Baruch College (City University of New York)",7061,17931
"Concordia College New York",31600,31600
"Lehman College (City University of New York)",7010,17880
"Wichita State University",8094,17052
"Covenant College",33170,33170
"Kentucky Christian University",19256,19256
"Dickinson College",52955,52955
"Tabor College",27220,27220
"Golden Gate University",15584,15584
"McPherson College",28569,28569
"Texas A&M University - Commerce",8723,21173
"Concordia University Irvine",34100,34100
"Eastern Washington University",7085,23837
"Fresno Pacific University",30458,30458
"Queens College (City University of New York)",7138,18008
"Doane College",32250,32250
"Southern New Hampshire University",31136,31136
"University of the Sacred Heart",7200,7200
"Saint Mary's College of California",45686,45686
"Pontifical Catholic University of Puerto Rico",5370,5370
"University of Texas at El Paso",7651,21396
"University of Puerto Rico at Bayamon",2022,2022
"Franklin & Marshall College",54580,54580
"Universidad Adventista de las Antillas",6570,6570
"University of Puerto Rico at Cayey",NA,NA
"Lincoln University",11379,16389
"University of Puerto Rico at Ponce",2048,2048
"Jacksonville University",35260,35260
"University of Puerto Rico at Arecibo",2048,2048
"California Baptist University",32566,32566
"University of Puerto Rico at Mayaguez",NA,NA
"Georgetown University",52300,52300
"Ball State University",9774,25942
"Aquinas College",31244,31244
"Ashland University",20700,20700
"Alverno College",28277,28277
"Augsburg College",37615,37615
"Baldwin Wallace University",31668,31668
"Adrian College",36010,36010
"Canisius College",36454,36454
"Lewis & Clark College",48988,48988
"Murray State University",8340,22728
"Carroll College",34480,34480
"Curtis Institute of Music",NA,NA
"New Jersey Institute of Technology",16898,31918
"Niagara University",31950,31950
"Nyack College",25350,25350
"Elon University",34273,34273
"Emory & Henry College",35050,35050
"Ferrum College",33025,33025
"Fisk University",21480,21480
"Georgia State University",10858,29432
"University of Colorado Boulder",12086,36220
"University of Dallas",38716,38716
"Friends University",27565,27565
"Five Towns College",19380,19380
"Edward Waters College",13725,13725
"Hellenic College ",22490,22490
"Judson College",17896,17896
"Kansas City Art Institute",37800,37800
"Philander Smith College",12414,12414
"Empire State College",7185,16835
"Cumberland University",21810,21810
"Lourdes University",21540,21540
"Thomas Edison State College",7300,9820
"Union Institute & University",16076,16076
"University of Pittsburgh at Greensburg",13870,25114
"Loma Linda University",33932,33932
"Concordia University Texas",30600,30600
"Athens State University",6690,12630
"Brewton-Parker College",18190,18190
"Life University",11715,11715
"Rush University",24630,24630
"Indiana University East",7207,19038
"Louisiana State University Health Sciences Center",6923,13705
"Bay Path College",33557,33557
"Endicott College",32154,32154
"Baker College of Flint",11250,11250
"University of Nebraska Medical Center",NA,NA
"Granite State College",9435,10575
"Beth Medrash Govoha",20788,20788
"Vaughn College of Aeronautics and Technology",24710,24710
"Metropolitan College of New York",19180,19180
"SUNY Downstate Medical Center",7074,16924
"Chowan University",24480,24480
"Lees-McRae College",26198,26198
"Oregon Health & Science University",18765,32985
"Anderson University",26920,26920
"Medical University of South Carolina",15168,23182
"Oglala Lakota College",3284,3284
"Texas A&M University - Texarkana",7635,21900
"University of Houston - Victoria",7627,20077
"University of Texas Medical Branch",7422,19954
"City University of Seattle",NA,NA
"Midway College",23850,23850
"Clayton State University",6410,19486
"Shawnee State University",7460,13268
"Wisconsin Lutheran College",29140,29140
"Humphreys College",14004,14004
"Hilbert College",21800,21800
"Champlain College",39818,39818
"Art Institute of Portland",17316,17316
"Lasell College",34600,34600
"Mount Aloysius College",22430,22430
"Alfred State College",8327,17977
"Charter Oak State College",9771,12591
"Martin University",16410,16410
"Montserrat College of Art",32000,32000
"Chamberlain College of Nursing",19500,19500
"Montreat College",25730,25730
"Valley Forge University",21271,21271
"Presentation College",19450,19450
"Sinte Gleska University",3700,3700
"Criswell College",12138,12138
"Southwestern Christian College",8074,8074
"Arkansas Baptist College",8760,8760
"Central Baptist College",15750,15750
"Life Pacific College",14884,14884
"Lincoln University",10800,10800
"Emmanuel College",19710,19710
"Lincoln Christian University",13020,13020
"Great Lakes Christian College",15550,15550
"Research College of Nursing",36600,36600
"Grace University",23030,23030
"Piedmont International University",10100,10100
"Trinity Bible College",16040,16040
"Mid-America Christian University",17830,17830
"Allen University",13040,13040
"University of Minnesota, Crookston",12202,12202
"State University of New York College of Agriculture and Technology at Cobleskill",NA,NA
"Art Institute of Fort Lauderdale",22105,22105
"Thomas University",16715,16715
"University of Maryland University College",7386,12426
"University of Mississippi Medical Center",8268,24246
"California State University San Marcos",7648,19528
"O'More College of Design",29880,29880
"Concordia College Alabama",10120,10120
"York College",18760,18760
"Design Institute of San Diego",22510,22510
"Holy Apostles College and Seminary",9670,9670
"Rabbinical College of America",11100,11100
"Talmudical Academy of New Jersey",13000,13000
"The Jewish Theological Seminary",21740,21740
"Excelsior College",NA,NA
"Heritage Christian University",11232,11232
"Amridge University",7180,7180
"Johnson University Florida",14920,14920
"St. John Vianney College Seminary",14760,14760
"Talmudic University",13250,13250
"Point University",20600,20600
"Reinhardt University",22422,22422
"Clear Creek Baptist Bible College",9020,9020
"Kentucky Mountain Bible College",7760,7760
"Sullivan University",NA,NA
"Ner Israel Rabbinical College",11900,11900
"Southeastern Baptist College",6550,6550
"John Wesley University",13330,13330
"Mid-Atlantic Christian University",13200,13200
"North Greenville University",18750,18750
"American Baptist College",11894,11894
"Martin Methodist College",23800,23800
"Appalachian Bible College",14290,14290
"Ohio Valley University",21100,21100
"Blessing-Reiman College of Nursing",24750,24750
"Saint Anthony College of Nursing",25342,25342
"Saint Francis Medical Center College of Nursing",21224,21224
"Resurrection University",26134,26134
"Divine Word College",13030,13030
"Emmaus Bible College",17520,17520
"Grace Bible College",19650,19650
"Kuyper College",21090,21090
"Sacred Heart Major Seminary",18706,18706
"Oak Hills Christian College",17314,17314
"Central Christian College of the Bible",NA,NA
"St. Louis Christian College",11025,11025
"Saint Luke's College of Health Sciences",15674,15674
"Ohio Christian University",20240,20240
"God's Bible School and College",7040,7040
"Mount Carmel College of Nursing",13107,13107
"Ozark Christian College",11980,11980
"Alaska Bible College",9300,9300
"Arizona Christian University",4680,4680
"William Jessup University",29950,29950
"Yeshiva Ohr Elchonon Chabad/West Coast Talmudical Seminary",14300,14300
"Naropa University",31790,31790
"Nazarene Bible College",14620,14620
"Southwestern Christian University",16950,16950
"New Hope Christian College",14880,14880
"Arlington Baptist College",12650,12650
"Baptist Missionary Association Theological Seminary",5650,5650
"Dallas Christian College",17620,17620
"Bastyr University",25455,25455
"Boise Bible College",12080,12080
"Barclay College",18320,18320
"Central Christian College of Kansas",25760,25760
"Salish Kootenai College",6279,11463
"Nebraska Christian College",16830,16830
"Nebraska Methodist College",17720,17720
"Becker College",38250,38250
"Johnson & Wales University",31508,31508
"William Peace University",28700,28700
"Robert Morris University",27180,27180
"Maranatha Baptist Bible College",14910,14910
"Goldfarb School of Nursing at Barnes-Jewish College",20188,20188
"Columbia College of Nursing",28900,28900
"Bellin College",21513,21513
"Davis College",16800,16800
"Allen College",20243,20243
"Lakeview College of Nursing",16160,16160
"Yehiva Gedolah of Greater Detroit",6800,6800
"Pennsylvania College of Technology",16350,23280
"The Art Institute of Atlanta",NA,NA
"Caribbean University",6380,6380
"Universidad del Este",5820,5820
"University of Puerto Rico, Medical Sciences Campus",2196,2196
"Inter American University of Puerto Rico - Aguadilla Campus",6262,6262
"Inter American University of Puerto Rico - Arecibo Campus",6180,6180
"Inter American University of Puerto Rico - Barranquitas Campus",6262,6262
"Inter American University of Puerto Rico - Bayamon Campus",6180,6180
"Inter American University of Puerto Rico - Fajardo Campus",6180,6180
"Inter American University of Puerto Rico - Guayama Campus",6452,6452
"Inter American University of Puerto Rico - Ponce Campus",6180,6180
"Universidad del Turabo",5820,5820
"Universidad Metropolitana",7050,7050
"Columbia University, School of General Studies",55478,55478
"Aquinas College",22850,22850
"Interior Designers Institute",NA,NA
"Rutgers, The State University of New Jersey - Camden",14501,29924
"Rutgers, The State University of New Jersey",14638,30579
"Rutgers, The State University of New Jersey - Newark",14085,30026
"Bridgewater College",33820,33820
"Campbell University",31190,31190
"Campbellsville University",25400,25400
"Capitol College",24788,24788
"Carson-Newman University",27400,27400
"Catawba College",29920,29920
"Claflin University",16302,16302
"Catholic University of America",44060,44060
"Centenary College of Louisiana",35900,35900
"University of Central Arkansas",8524,15047
"Southern Wesleyan University",24700,24700
"University of Central Florida",6368,22467
"Centre College",40500,40500
"College of Charleston",12318,30706
"University of Charleston",30400,30400
"Christian Brothers University",31860,31860
"Christopher Newport University",13654,25450
"The Citadel",14348,36111
"Clark Atlanta University",23082,23082
"Clemson University",14712,35654
"Coker College",28464,28464
"Columbia College",19500,19500
"Columbia International University",22390,22390
"Washington Adventist University",23400,23400
"Columbus State University",7200,20682
"Concord University",7574,16654
"Converse College",18030,18030
"Coppin State University",6536,12684
"University of the Cumberlands",23000,23000
"Lipscomb University",30932,30932
"Agnes Scott College",39960,39960
"Eckerd College",43044,43044
"Francis Marion University",10742,20918
"Furman University",48348,48348
"Georgia Institute of Technology",12418,33014
"Glenville State College",7342,16598
"Hampden-Sydney College",43940,43940
"High Point University",34005,34005
"Hollins University",38285,38285
"Huntingdon College",26400,26400
"Kentucky Wesleyan College",26080,26080
"King College",28572,28572
"LaGrange College",29450,29450
"Lee University",16730,16730
"LeMoyne-Owen College",10880,10880
"Limestone College",25150,25150
"Longwood University",12720,27660
"Louisiana College",16000,16000
"Mars Hill University",31804,31804
"McNeese State University",7310,18386
"Methodist University",32860,32860
"DeVry University - Atlanta",17512,17512
"Florida Atlantic University",6039,21595
"Welch College",18458,18458
"Frostburg State University",8914,22262
"Johnson University",14920,14920
"Georgia Southwestern State University",6332,19408
"Miles College",11604,11604
"Georgia Southern University",7422,20904
"Kennesaw State University",7432,21158
"Georgia Regents University",10718,29756
"Louisiana State University Shreveport",7055,13632
"Hendrix College",44070,44070
"Hood College",37960,37960
"Johns Hopkins University",52670,52670
"University of Mary Washington",12128,27374
"University of West Alabama",9204,16818
"University of North Carolina School of the Arts",9211,25081
"Tennessee Wesleyan College",23800,23800
"University of North Alabama",10370,18680
"Morehouse College",27278,27278
"Lenoir-Rhyne University",35350,35350
"Lander University",10700,20300
"North Carolina A&T State University",6419,19309
"Louisiana Tech University",9255,30297
"New College of Florida",6916,29944
"University of New Orleans",8694,13530
"Morgan State University",7767,17833
"Marymount University",30426,30426
"University of Maryland",10399,33606
"Loyola University New Orleans",39242,39242
"Lincoln Memorial University",21410,21410
"University of Memphis",9700,21413
"Morehead State University",8956,13426
"Liberty University",24304,24304
"University of Kentucky",11772,27856
"Middle Tennessee State University",8948,27578
"Mississippi State University",8318,22358
"Lynchburg College",37690,37690
"University of Mississippi",8300,23564
"George Washington University",53518,53518
"Embry-Riddle Aeronautical University - Daytona Beach",36536,36536
"Talladega College",12510,12510
"University of Tampa",28426,28426
"Tennessee State University",7776,21132
"Tennessee Technological University",8873,25529
"University of Tennessee at Chattanooga",8664,26558
"University of Tennessee",12970,31160
"University of Tennessee at Martin",9236,14996
"Thomas More College",30270,30270
"Toccoa Falls College",22104,22104
"Tougaloo College",10607,10607
"Towson University",9694,22140
"Transylvania University",37290,37290
"Trevecca Nazarene University",25100,25100
"Trinity Washington University",23690,23690
"Troy University",12155,22267
"Tulane University",52960,52960
"Tusculum College",23700,23700
"Tuskegee University",22170,22170
"Union College",26080,26080
"Union University",31510,31510
"United States Naval Academy",NA,NA
"Valdosta State University",7476,20958
"Vanderbilt University",47664,47664
"Stevenson University",35490,35490
"University of the Virgin Islands",5235,14496
"Virginia Commonwealth University",13570,32942
"Virginia Military Institute",18214,43902
"Virginia Polytechnic Institute and State University",13230,30410
"Virginia State University",8726,18841
"Virginia Union University",16772,16772
"University of Virginia",16781,46634
"University of Virginia's College at Wise",9825,26385
"Virginia Wesleyan College",36660,36660
"Voorhees College",12630,12630
"Wake Forest University",51400,51400
"Warner University",21116,21116
"Warren Wilson College",35244,35244
"Washington College",44700,44700
"Washington and Lee University",50170,50170
"Webber International University",25358,25358
"Wesley College",26406,26406
"Wesleyan College",22370,22370
"University of West Florida",6569,19451
"University of West Georgia",7292,20774
"West Liberty University",7380,15020
"West Virginia University Institute of Technology",6960,17544
"West Virginia State University",7165,15572
"West Virginia University",8376,23616
"West Virginia Wesleyan College",30752,30752
"Western Carolina University",7191,17584
"Western Kentucky University",10202,25512
"College of William and Mary",22044,43099
"Wilmington University",10940,10940
"Wingate University",31120,31120
"Winston-Salem State University",5850,16097
"Winthrop University",15220,29136
"North Carolina State University",9058,27406
"University of North Carolina at Asheville",7002,23725
"University of North Carolina at Chapel Hill",9005,34588
"University of North Carolina at Charlotte",7023,20457
"University of North Carolina at Greensboro",7137,22296
"University of North Carolina at Wilmington",7048,21064
"North Carolina Wesleyan College",30150,30150
"University of North Florida",6394,20112
"University of North Georgia",7336,21148
"University of Louisiana at Monroe",8470,20568
"Northern Kentucky University",9744,19104
"Northwestern State University of Louisiana",7880,18668
"Notre Dame of Maryland University",36070,36070
"Nova Southeastern University",29940,29940
"Oakwood University",16720,16720
"Oglethorpe University",36680,36680
"Old Dominion University",10350,28200
"Ouachita Baptist University",25870,25870
"Our Lady of Holy Cross College",16100,16100
"University of the Ozarks",23750,23750
"Paine College",14224,14224
"Palm Beach Atlantic University",29950,29950
"University of North Carolina at Pembroke",5956,17547
"Piedmont College",24464,24464
"University of Pikeville",20350,20350
"Presbyterian College",37842,37842
"Queens University of Charlotte",35202,35202
"Radford University",10627,22262
"Randolph-Macon College",40100,40100
"Randolph College",38155,38155
"Rust College",9700,9700
"Rhodes College",46504,46504
"University of Richmond",50910,50910
"Ringling College of Art and Design",45100,45100
"Roanoke College",42694,42694
"St. Andrews University",25874,25874
"St. Augustine's University",17890,17890
"St. John's College",51670,51670
"Saint Joseph Seminary College",17490,17490
"Saint Leo University",22280,22280
"Salem College",28566,28566
"Salisbury University",9582,18622
"Samford University",30490,30490
"Savannah State University",6734,19810
"University of South Alabama",9390,18780
"South Carolina State University",10740,21120
"Coastal Carolina University",11200,25872
"University of South Carolina Upstate",11520,22848
"University of South Florida",6410,17324
"Southeastern Louisiana University",8153,20629
"Southeastern University",24160,24160
"Southern Adventist University",21550,21550
"Salem International University",12920,12920
"St. Mary's College of Maryland",14496,29947
"Spring Hill College",37584,37584
"University of South Carolina Aiken",10502,20702
"Savannah College of Art and Design",35910,35910
"University of Southern Mississippi",7964,9964
"Spelman College",28431,28431
"Sweet Briar College",37155,37155
"Stetson University",44480,44480
"St. Thomas University",31550,31550
"Shaw University",16480,16480
"Shenandoah University",31910,31910
"Shorter University",21670,21670
"University of South Carolina",12262,32362
"Sewanee: University of the South",45120,45120
"Delaware State University",7352,16138
"University of Delaware",13160,33150
"Delta State University",6859,6859
"Dillard University",18099,18099
"University of the District of Columbia",8060,15956
"Emporia State University",6345,19918
"Saint Martin's University",35656,35656
"Oklahoma State University",8738,23776
"University of St. Thomas",32560,32560
"Pomona College",51075,51075
"Pacific Lutheran University",41092,41092
"Northwestern Oklahoma State University",6706,13823
"Midwestern State University",8485,10435
"Jarvis Christian College",11720,11720
"Hardin-Simmons University",27440,27440
"Multnomah University",24680,24680
"California State University Fullerton",6830,18710
"Baker University",28960,28960
"University of Colorado Denver",11258,31448
"Northeastern State University",6334,14022
"Youngstown State University",8397,14397
"Xavier University",37230,37230
"Wright State University",8730,17608
"College of Wooster",48600,48600
"Wittenberg University",38730,38730
"University of Wisconsin - Whitewater",7662,16235
"University of Wisconsin - Superior",8109,15682
"University of Wisconsin - Stout",9456,17423
"University of Wisconsin - Stevens Point",8031,16498
"University of Wisconsin - River Falls",7850,15425
"University of Wisconsin - Platteville",7381,15231
"University of Wisconsin - Parkside",7529,15518
"University of Wisconsin - Oshkosh",7587,15160
"University of Wisconsin - Milwaukee",11008,22288
"University of Wisconsin - Madison",10533,34783
"University of Wisconsin - La Crosse",8922,17591
"University of Wisconsin - Green Bay",7878,15728
"University of Wisconsin - Eau Claire",8816,16736
"Winona State University",9381,15302
"Wilmington College",25500,25500
"William Woods University",23260,23260
"William Penn University",25000,25000
"William Jewell College",33620,33620
"Wilberforce University",13250,13250
"Wheaton College",35190,35190
"Westminster College",25940,25940
"Western Michigan University",11943,14699
"Western Illinois University",11267,15538
"Webster University",27225,27225
"Wayne State University",12979,27453
"Washington University in St. Louis",51533,51533
"Wartburg College",39730,39730
"Walsh College",14050,14050
"Walsh University",29150,29150
"Wabash College",42250,42250
"Viterbo University",26920,26920
"VanderCook College of Music",28344,28344
"Valparaiso University",38760,38760
"Urbana University",22452,22452
"Upper Iowa University",29600,29600
"Trine University",31540,31540
"Trinity International University",30750,30750
"Trinity Christian College",28675,28675
"University of Toledo",9975,19313
"Tiffin University",23850,23850
"Taylor University",32885,32885
"Franciscan University of Steubenville",26430,26430
"Stephens College",30344,30344
"Spring Arbor University",27750,27750
"Southwest Minnesota State University",8619,8619
"Missouri State University",7306,14746
"Southwest Baptist University",23290,23290
"University of Southern Indiana",7900,18556
"Southern Illinois University Edwardsville",11491,25118
"Southern Illinois University Carbondale",13936,13936
"Southeast Missouri State University",7185,12720
"Simpson College",37663,37663
"Silver Lake College of the Holy Family",27360,27360
"Siena Heights University",25932,25932
"University of St. Thomas",41133,41133
"Gustavus Adolphus College",44080,44080
"University of Indianapolis",28390,28390
"Pontifical College Josephinum",22750,22750
"Purdue University",9992,28794
"St. Olaf College",46000,46000
"University of Illinois at Springfield",11613,21138
"Faith Baptist Bible College and Theological Seminary",16766,16766
"Franklin College",30920,30920
"Goshen College",33200,33200
"Hillsdale College",26742,26742
"Hope College",32780,32780
"Kalamazoo College",46840,46840
"Lake Forest College",45548,45548
"Lawrence University",46101,46101
"Madonna University",20700,20700
"Indiana State University",8916,19452
"Huntington University",25540,25540
"University of Iowa",8964,30608
"Marquette University",39900,39900
"Michigan Technological University",15074,32318
"Milwaukee School of Engineering",39429,39429
"Michigan State University",14460,39405
"University of Missouri - Columbia",9787,26506
"Moody Bible Institute",12960,12960
"University of Notre Dame",51505,51505
"University of Missouri - St. Louis",10275,27327
"Northwest Missouri State University",9572,16136
"Oakland University",12420,23873
"Oberlin College",53460,53460
"Truman State University",7656,14440
"Eastern Illinois University",11678,13868
"Elmhurst College",36570,36570
"University of Findlay",33320,33320
"Hiram College",34300,34300
"Iowa State University",8636,22472
"Otterbein University",31874,31874
"North Central University",23490,23490
"Morningside College",30390,30390
"Lake Superior State University",11600,11600
"Macalester College",52464,52464
"Ohio Northern University",30990,30990
"University of Rio Grande",26130,26130
"St. Catherine University",38349,38349
"Purdue University Northwest",7581,17129
"Rockhurst University",36670,36670
"Saint John's University",43356,43356
"Quincy University",27770,27770
"Saginaw Valley State University",9819,23063
"University of St. Francis",29430,29430
"Saint Louis University",42166,42166
"Saint Mary's University of Minnesota",33560,33560
"Park University",12370,12370
"Northwestern University",52678,52678
"College of the Ozarks",19200,19200
"Olivet Nazarene University",34940,34940
"Olivet College",26695,26695
"Ohio State University",10591,29695
"Henderson State University",8311,9961
"James Madison University",10830,27194
"Jacksonville State University",9975,19245
"John Brown University",26144,26144
"Northland College",35157,35157
"University of Massachusetts Lowell",14800,31865
"Goucher College",43440,43440
"LIU Brooklyn",36978,36978
"University of New England",36530,36530
"American Academy of Art",33100,33100
"Art Institute of Phoenix",NA,NA
"Hamilton Technical College",NA,NA
"Bacone College",14850,14850
"Global University",24958,24958
"Beth Hatalmud Rabbinical College",11750,11750
"Columbia College",NA,NA
"Independence University",NA,NA
"California State University Monterey Bay",7048,18928
"Carlos Albizu University - Miami",10294,10294
"Central Yeshiva Tomchei Tmimim-Lubavitch",7700,7700
"Rogers State University",6870,15210
"Jefferson College of Health Sciences",25850,25850
"Dalton State College",4212,12634
"EDP University of Puerto Rico",NA,NA
"Escuela de Artes Plasticas de Puerto Rico",4002,6702
"Grantham University",6540,6540
"Haskell Indian Nations University",NA,NA
"Hebrew Theological College",12430,12430
"Hobe Sound Bible College",6490,6490
"Holy Trinity Orthodox Seminary",7450,7450
"Kehilath Yakov Rabbinical Seminary",9700,9700
"Machzikei Hadath Rabbinical College",11500,11500
"Northeast Catholic College",NA,NA
"Mesivta Torah Vodaath Seminary",10000,10000
"Midstate College",16230,16230
"Mirrer Yeshiva",7260,7260
"Mount Angel Seminary",15912,15912
"National American University - Rio Rancho",16200,16200
"New Orleans Baptist Theological Seminary - Leavell College",8175,8175
"Ohio University Southern",4872,6718
"Ohio University Lancaster",5060,9596
"Ohio University Zanesville",5002,9538
"Ohio University Eastern",4806,6718
"Ohr Somayach/Joseph Tanenbaum Educational Center",9000,9000
"Oregon College of Art & Craft",33160,33160
"Our Lady of the Lake College",15583,15583
"Peabody Conservatory of Johns Hopkins University",47863,47863
"Rabbinical Academy Mesivta Rabbi Chaim Berlin",12450,12450
"Rabbinical College Bobover Yeshiva B'nei Zion",7750,7750
"Rabbinical College of Long Island",8800,8800
"Rabbinical College of Telshe",10800,10800
"St. Augustine College",16500,16500
"St. Charles Borromeo Seminary, Overbrook",20655,20655
"Talmudical Institute of Upstate New York",5800,5800
"Talmudical Seminary Oholei Torah",9300,9300
"Talmudical Yeshiva of Philadelphia",8900,8900
"Telshe Yeshiva - Chicago",15000,15000
"Texas College",10008,10008
"United Talmudical Seminary",13800,13800
"University of Puerto Rico at Aguadilla",2048,2048
"University of Puerto Rico at Utuado",2053,2053
"University of South Carolina Beaufort",10422,21198
"Yeshiva Beth Moshe",9000,9000
"Yeshiva Derech Chaim",11800,11800
"Yeshiva of Nitra",8500,8500
"Yeshiva Shaar Hatorah",17250,17250
"Yeshiva Zichron Moshe",NA,NA
"Southwest University of Visual Arts",22944,22944
"Atlantic University College",6870,6870
"DeVry University - Westminster",17512,17512
"Pennsylvania College of Art & Design",25000,25000
"Mercy College of Health Sciences",17600,17600
"College of Biblical Studies - Houston",8590,8590
"Bethesda University of California",8050,8050
"New Charter University",NA,NA
"Cox College",14010,14010
"Western Governors University",6070,6070
"Northcentral University",10680,10680
"Columbia Southern University",6635,6635
"Northpoint Bible College",12055,12055
"DeVry University - Miramar",17512,17512
"DeVry University - Ft. Washington",NA,NA
"The King's University",14400,14400
"Beacon College",39188,39188
"The King's College",35400,35400
"Neumont University",24750,24750
"Soka University of America",30106,30106
"Argosy University, Chicago",NA,NA
"Regent University",17450,17450
"University of Management and Technology",9450,9450
"Baptist University of the Americas",7800,7800
"Beis Medrash Heichal Dovid",9375,9375
"Yeshiva and Kolel Bais Medrash Elyon",11500,11500
"Yeshiva Shaarei Torah of Rockland",12500,12500
"Monroe College",14976,14976
"Franklin W. Olin College of Engineering",51936,51936
"California State University Channel Islands",6802,18682
"Antioch University Santa Barbara",22575,22575
"Antioch University Seattle",27435,27435
"Capella University",12060,12060
"Keystone College",26670,26670
"International Baptist College",11250,11250
"Art Institute of California - Hollywood",NA,NA
"New Saint Andrews College",12350,12350
"SUM Bible College & Theological Seminary",NA,NA
"Art Institute of Michigan",NA,NA
"Gutenberg College",13650,13650
"Penn State DuBois",13632,21266
"Penn State Worthington Scranton",14460,22378
"Harrisburg University of Science and Technology",23900,23900
"Penn State Hazleton",14460,22378
"Penn State Greater Allegheny",13694,21328
"Penn State Brandywine",14460,22378
"Penn State Beaver",13694,21328
"Penn State Mont Alto",13694,21328
"Penn State New Kensington",13694,21328
"Penn State Shenango",13324,20810
"Penn State Fayette, The Eberly Campus",13632,21266
"Penn State York",14460,22378
"Virginia University of Lynchburg",9000,9000
"Patrick Henry College",27922,27922
"University of Washington Bothell",10911,35475
"Kaplan University",NA,NA
"Davenport University",21740,21740
"Stratford University - Woodbridge",16750,16750
"Art Institute of Houston",24024,24024
"University of California, Merced",13598,41612
"Adventist University of Health Sciences",14250,14250
"Holy Cross College",29734,29734
"Boston Baptist College",12600,12600
"Bob Jones University",16500,16500
"Randall University",12640,12640
"Luther Rice University",9050,9050
"Trinity Baptist College",11640,11640
"Watkins College of Art",23700,23700
"Florida Career College",NA,NA
"Southern California Seminary",12250,12250
"Apex School of Theology",6200,6200
"Midwest University",7770,7770
"University of Washington Tacoma",11046,35610
"Everglades University - Orlando",NA,NA
"Art Institute of California - Inland Empire",NA,NA
"Art Institute of California - Sacramento",NA,NA
"Rasmussen College - Lake Elmo/Woodbury",13455,13455
"Ecclesia College",15140,15140
"Southwest University",8554,8554
"Full Sail University",NA,NA
"Argosy University, Atlanta",NA,NA
"Argosy University, Twin Cities",NA,NA
"Argosy University, Sarasota",NA,NA
"Argosy University, Phoenix",NA,NA
"Argosy University, Washington DC",NA,NA
"Argosy University, San Francisco Bay Area",NA,NA
"Argosy University, Tampa",NA,NA
"Argosy University, Seattle",NA,NA
"Argosy University, Hawaii",NA,NA
"Argosy University, Nashville",NA,NA
"Argosy University, Dallas",NA,NA
"Argosy University, Los Angeles",NA,NA
"Argosy University, San Diego",NA,NA
"Argosy University, Denver",NA,NA
"Argosy University, Inland Empire",NA,NA
"Argosy University, Salt Lake City",NA,NA
"California Miramar University",12180,12180
"Argosy University, Schaumburg",NA,NA
"Trident University International",NA,NA
"Argosy University, Orange County",NA,NA
"West Coast University",NA,NA
"Denver School of Nursing",NA,NA
"Ex'pression College for Digital Arts",NA,NA
"Georgia Gwinnett College",6124,16838
"Chamberlain College of Nursing ",19500,19500
"Chamberlain College of Nursing ",19500,19500
"Chamberlain College of Nursing ",19500,19500
"Chamberlain College of Nursing",19500,19500
